[
    {
        "id": "1",
        "title": "Authentic Chicken Adobo",
        "description": "a simple and hearty Filipino dish. In this version, chicken is marinated in vinegar and soy sauce, then slowly cooked with garlic and spices. Serve over steamed white rice.",
        "image": "./assets/images/chicken-adobo.webp",
        "imageAlt": "Chicken adobo in a rich, dark sauce, garnished with bay leaves and green onions.",
        "cookingTime": "35 minutes",
        "recipeServing": "4",
        "steps": [
            {
                "actions": [
                    "Combine chicken, soy sauce, and garlic in a large bowl. Mix well. Marinate the chicken for at least 1 hour. Note: the longer the time, the better",
                    "Heat a cooking pot. Pour cooking oil."
                ]
            },
            {
                "actions": [
                    "When the oil is hot enough, pan-fry the marinated chicken for 2 minutes per side.",
                    "Pour-in the remaining marinade, including garlic. Add water. Bring to a boil."
                ]
            },
            {
                "actions": [
                    "Add dried bay leaves and whole peppercorn. Simmer for 30 minutes or until the chicken gets tender.",
                    "Add vinegar. Stir and cook for 10 minutes."
                ]
            },
            {
                "actions": [
                    "Put-in the sugar, and salt. Stir and turn the heat off.",
                    "Serve hot. Share and Enjoy!"
                ]
            }
        ],
        "ingredients": [
            {
                "items": [
                    {
                        "quantity": "2",
                        "name": "lbs chicken"
                    },
                    {
                        "quantity": "3",
                        "name": "pieces dried bay leaves"
                    },
                    {
                        "quantity": "4",
                        "name": "tablespoons soy sauce"
                    },
                    {
                        "quantity": "6",
                        "name": "tablespoons white vinegar"
                    },
                    {
                        "quantity": "5",
                        "name": "cloves garlic (crushed)"
                    },
                    {
                        "quantity": "1 1/2",
                        "name": "cups water"
                    },
                    {
                        "quantity": "3",
                        "name": "tablespoons cooking oil"
                    },
                    {
                        "quantity": "1",
                        "name": "teaspoon sugar (optional)"
                    },
                    {
                        "quantity": "1/4",
                        "name": "teaspoon salt (optional)"
                    },
                    {
                        "quantity": "1",
                        "name": "teaspoon whole peppercorn"
                    }
                ]
            }
        ],
        "recipeNotes": [
            "The longer you let your chicken marinate in the rich combination of adobo flavors, the tastier it'll be!",
            "Sugar is added to balance the saltiness of the dish. You can add more too if you want your chicken adobo to be on the sweet side.",
            "Only add salt when needed, which is not usual.",
            "Garlic helps make adobo delicious. Use as many garlic as you prefer.",
            "Onions can also be used for chicken adobo. If this is the case, it will need to be sautéed after pan frying the chicken.",
            "If you want your chicken to be a lot tenderer before cooking, another option is to cook the chicken in a slow cooker or crockpot overnight."
        ],
        "tags": ["Main Dish", "Slightly Sweet", "Stewed"],
        "slug": "adobo"
    },
    {
        "id": "2",
        "title": "Pork Sinigang",
        "description": "a sour soup native to the Philippines. This recipe uses pork as the main ingredient. Other proteins and seafood can also be used. Beef, shrimp, fish are commonly used to cook sinigang.",
        "image": "./assets/images/pork-sinigang.webp",
        "imageAlt": "Tangy tamarind broth with tender pork and fresh vegetables.",
        "cookingTime": "1 hour",
        "recipeServing": "4",
        "steps": [
            {
                "actions": [
                    "Boil the young tamarind in 8 cups of water for 40 minutes. Filter the tamarind broth using a kitchen sieve or a strainer. Squeeze the tamarind afterwards to extract its remaining juices.",
                    "Pour the tamarind broth into a cooking pot. Let it boil and then add the onion, pork belly, and half the amount of the tomatoes."
                ]
            },
            {
                "actions": [
                    "Skim-off the floating scums, pour 1 tablespoon fish sauce, cover and continue to simmer for 1 hour.",
                    "Add daikon radish and eggplants. Cook for 5 minutes."
                ]
            },
            {
                "actions": [
                    "Add the long green pepper, string beans, remaining tomatoes, and okra. Cook for 3 minutes.",
                    "Add the chopped water spinach stalks and season with fish sauce and ground black pepper. Cook for 2 minutes."
                ]
            },
            {
                "actions": [
                    "Put the water spinach leaves. Cover and turn the heat off. Let the residual heat cook the leaves for 3 minutes before serving.",
                    "Share and enjoy!"
                ]
            }
        ],
        "ingredients": [
            {
                "items": [
                    {
                        "quantity": "2",
                        "name": "lbs pork belly"
                    },
                    {
                        "quantity": "1",
                        "name": "lb young tamarind"
                    },
                    {
                        "quantity": "1",
                        "name": "bunch water spinach or kangkong (chopped)"
                    },
                    {
                        "quantity": "8",
                        "name": "pieces string beans (cut 2 inch pieces)"
                    },
                    {
                        "quantity": "2",
                        "name": "pieces eggplants (sliced)"
                    },
                    {
                        "quantity": "1",
                        "name": "piece daikon radish (optional)"
                    },
                    {
                        "quantity": "8",
                        "name": "pieces okras"
                    },
                    {
                        "quantity": "2",
                        "name": "pieces tomatoes (sliced into wedges)"
                    },
                    {
                        "quantity": "2",
                        "name": "pieces long green pepper"
                    },
                    {
                        "quantity": "1",
                        "name": "piece onion (sliced into wedges)"
                    },
                    {
                        "quantity": "2",
                        "name": "quarts water"
                    },
                    {
                        "quantity": "",
                        "name": "Fish sauce and ground pepper (to taste)"
                    }
                ]
            }
        ],
        "recipeNotes": [
            "Adding taro to the dish will make the soup thicker. This is a version of the dish known as sinigang na baboy with gabi.",
            "Use only young tamarind if you want your soup to be sour.",
            "Using Port Belly is the best since the fat in the belly makes the meat moist which complements well to its tenderness.",
            "Make sure to add the spinach or kangkong only when you are about to eat. It is best to have these fresh."
        ],
        "tags": ["Main Dish", "Tangy & Savory", "Boiled"],
        "slug": "sinigang"
    },
    {
        "id": "3",
        "title": "Kare-kare",
        "description": "a rich and savory Filipino stew known for its thick peanut sauce and tender meat, often made with oxtail, beef tripe, or pork.",
        "image": "./assets/images/kare-kare.webp",
        "imageAlt": "Savory peanut stew with oxtail and vegetables.",
        "cookingTime": "2 hours 30 minutes",
        "recipeServing": "6",
        "steps": [
            {
                "actions": [
                    "In a large pot, bring the water to a boil.",
                    "Put in the oxtail followed by the onions and simmer for 2.5 to 3 hrs or until tender. Note: 35 minutes if using a pressure cooker"
                ]
            },
            {
                "actions": [
                    "Once the meat is tender, add the ground peanuts, peanut butter, and coloring (water from the annatto seed mixture) and simmer for 5 to 7 minutes.",
                    "Add the toasted ground rice and simmer for 5 minutes."
                ]
            },
            {
                "actions": [
                    "On a separate pan, sauté the garlic then add the banana flower, eggplant, and string beans and cook for 5 minutes.",
                    "ransfer the cooked vegetables to the large pot. Note: where the rest of the ingredients are"
                ]
            },
            {
                "actions": [
                    "Add salt and pepper to taste.",
                    "Serve hot with shrimp paste. Enjoy!"
                ]
            }
        ],
        "ingredients": [
            {
                "items": [
                    {
                        "quantity": "3",
                        "name": "lbs oxtail (cut in 2 inch slices)"
                    },
                    {
                        "quantity": "1",
                        "name": "piece small banana flower bud (sliced)"
                    },
                    {
                        "quantity": "1",
                        "name": "bunch pechay or bok choy"
                    },
                    {
                        "quantity": "1",
                        "name": "bunch string beans (cut into 2 inch slices)"
                    },
                    {
                        "quantity": "4",
                        "name": "pieces eggplants (sliced)"
                    },
                    {
                        "quantity": "1",
                        "name": "cup ground peanuts"
                    },
                    {
                        "quantity": "1/2",
                        "name": "cup shrimp paste"
                    },
                    {
                        "quantity": "34",
                        "name": "ounces water"
                    },
                    {
                        "quantity": "1/2",
                        "name": "cup annatto seeds (soaked in a cup of water)"
                    },
                    {
                        "quantity": "1/2",
                        "name": "cup toasted ground rice"
                    },
                    {
                        "quantity": "1",
                        "name": "tablespoon garlic (minced)"
                    },
                    {
                        "quantity": "1",
                        "name": "piece onion (chopped)"
                    },
                    {
                        "quantity": "",
                        "name": "salt and pepper (to taste)"
                    }
                ]
            }
        ],
        "recipeNotes": [
            "Use a pressure cooker to quickly tenderize the oxtail. It takes me 30 minutes to achieve the result, compared to around 3 hours when done the traditional way.",
            "Bagoong alamang or shrimp paste is an essential component of the dish. It should be cooked completely before serving. You can also purchase precooked bottled bagoong alamang from the supermarket.",
            "Make sure to monitor the amount of water when boiling using the traditional method. Pour more water as needed until the meat tenderizes completely."
        ],
        "tags": ["Main Dish", "Nutty & Savory", "Stewed"],
        "slug": "kare-kare"
    },
    {
        "id": "4",
        "title": "Pork Sisig",
        "description": "a sizzling Filipino dish made from chopped and grilled pork parts.",
        "image": "./assets/images/pork-sisig.webp",
        "imageAlt": "Crispy, sizzling chopped pork with onions and chili.",
        "cookingTime": "1 hour 30 minutes",
        "recipeServing": "5",
        "steps": [
            {
                "actions": [
                    "Combine pig ears, snout, pork belly, ginger, bay leaves, 2 teaspoons salt, and 4 cups of water in a cooking pot. Boil for 1 hour. Remove from the pot and drain the water."
                ]
            },
            {
                "actions": [
                    "Heat-up your grill. Start grilling the pig parts for around 5 minutes per side. Remove from the grill afterwards and let it cool down."
                ]
            },
            {
                "actions": [
                    "To make the dressing. In a mixing bowl, combine the 1/2 cup of lady's choice mayonnaise, 2 tablespoon white vinegar, 1/4 teaspoon ground black pepper, 1 teaspoon salt, 1/4 cup of liver spread, 2 pieces limes, and 1 tablespoon knorr liquid seasoning. Mix well."
                ]
            },
            {
                "actions": [
                    "Heat-up your sizzling plate on high heat for 5 to 10 minutes.",
                    "Chop the grilled pig parts into small pieces. In a large mixing bowl, combine the chopped pork with onion and the dressing mixture. Toss until all the ingredients are well blended.",
                    "Transfer to a preheated sizzling plate. Serve with your favorite drink. Share and enjoy!"
                ]
            }
        ],
        "ingredients": [
            {
                "items": [
                    {
                        "quantity": "1",
                        "name": "lb pig ears"
                    },
                    {
                        "quantity": "1",
                        "name": "lb pig snout"
                    },
                    {
                        "quantity": "1",
                        "name": "lb pork belly"
                    },
                    {
                        "quantity": "2",
                        "name": "pieces onions (minced)"
                    },
                    {
                        "quantity": "3",
                        "name": "pieces bay leaves"
                    },
                    {
                        "quantity": "2",
                        "name": "teaspoons salt"
                    },
                    {
                        "quantity": "4",
                        "name": "thumbs ginger (crushed)"
                    },
                    {
                        "quantity": "1",
                        "name": "quarts water"
                    },
                    {
                        "quantity": "1/2",
                        "name": "cup Lady's Chyoice Mayonnaise"
                    },
                    {
                        "quantity": "2",
                        "name": "tablespoons white vinegar"
                    },
                    {
                        "quantity": "1/4",
                        "name": "teaspoon ground black pepper"
                    },
                    {
                        "quantity": "1",
                        "name": "teaspoon salt"
                    },
                    {
                        "quantity": "1",
                        "name": "teaspoon sugar"
                    },
                    {
                        "quantity": "1/4",
                        "name": "cup liver spread"
                    },
                    {
                        "quantity": "2",
                        "name": "pieces limes"
                    },
                    {
                        "quantity": "1",
                        "name": "tablespoon Knorr Liquid Seasoning"
                    }
                ]
            }
        ],
        "recipeNotes": [
            "1 Grill you may use either gas or charcoal grill.",
            "Sukang iloco is a type of vinegar made from fermented sugar cane juice. This type of vinegar has a bold flavor that can be compared to wine vinegars. You may use the following as substitutes: cane vinegar, white vinegar, and distillled vinegar.",
            "Fresh chicken livers are commonly used to make sisig. It had to be boiled and mashed to have a paste-like consistency. The use of liver spread or liver pate is more for convenience in case chicken livers are not available.",
            "Limes are great to use for sisig. However, calamansi (calamondin) is a better fit if available."
        ],
        "tags": ["Bar Chow", "Savory & Crispy", "Grilled"],
        "slug": "sisig"
    },
    {
        "id": "5",
        "title": "Classic Bulalo",
        "description": "a classic Filipino soup, celebrated for its comforting and hearty flavors. It's made by simmering beef shank and bone marrow for hours, resulting in a rich, flavorful broth.",
        "image": "./assets/images/bulalo.webp",
        "imageAlt": "Rich beef shank soup with bone marrow and vegetables.",
        "cookingTime": "1 hour 50 minutes",
        "recipeServing": "4",
        "steps": [
            {
                "actions": [
                    "In a big cooking pot, pour in water and bring to a boil."
                ]
            },
            {
                "actions": [
                    "Put-in the beef shank followed by the onion and whole pepper corn then simmer for 1.5 hours or until meat is tender. Note: 30 mins if using a pressure cooker"
                ]
            },
            {
                "actions": [
                    "Add the corn and simmer for another 10 minutes"
                ]
            },
            {
                "actions": [
                    "Add the fish sauce,cabbage, pechay, and onion leeks.",
                    "Serve hot. Share and Enjoy!"
                ]
            }
        ],
        "ingredients": [
            {
                "items": [
                    {
                        "quantity": "2",
                        "name": "lbs beef shank"
                    },
                    {
                        "quantity": "1/2",
                        "name": "cabbage (whole leaf individually detached)"
                    },
                    {
                        "quantity": "1",
                        "name": "bunch peychay or bok choy"
                    },
                    {
                        "quantity": "2",
                        "name": "cobs corn (cut into 3 parts)"
                    },
                    {
                        "quantity": "2",
                        "name": "tablespoons whole peppercorn"
                    },
                    {
                        "quantity": "1/2",
                        "name": "cup onion leeks (cut unto 1 1/2 inch pieces)"
                    },
                    {
                        "quantity": "1",
                        "name": "piece onion"
                    },
                    {
                        "quantity": "34",
                        "name": "ounces water"
                    },
                    {
                        "quantity": "",
                        "name": "Fish sauce (to taste & optional)"
                    }
                ]
            }
        ],
        "recipeNotes": [
            "If you have a pressure cooker, it can reduce cooking time while still delivering tender meat and flavorful broth.",
            "For a richer broth, you can add additional beef bones or oxtail to the pot.",
            "Serve a dipping sauce made of fish sauce, freshly squeezed calamansi juice, and chopped chili. It's a game-changer for dipping the meat!"
        ],
        "tags": ["Soup Dish", "Savory & Umami", "Slow-Cooked"],
        "slug": "bulalo"
    },
    {
        "id": "6",
        "title": "Laing",
        "description": "a Filipino dish composed of dried taro leaves and coconut milk.",
        "image": "./assets/images/laing.webp",
        "imageAlt": "Spicy taro leaves in creamy coconut milk.",
        "cookingTime": "45 minutes",
        "recipeServing": "6",
        "steps": [
            {
                "actions": [
                    "In a large pan, pour-in the coconut milk and bring to a boil."
                ]
            },
            {
                "actions": [
                    "Add the garlic, onion, and ginger. Cook for 10 minutes.",
                    "Add the pork meat and shrimp paste and stir continuously."
                ]
            },
            {
                "actions": [
                    "Put in the Thai chili and simmer for another 10 minutes.",
                    "Add the fish sauce and dried Taro leaves and simmer for 40 to 60. Note: add water if needed"
                ]
            },
            {
                "actions": [
                    "Put the shrimps in and cook for for 5 minutes. Season with ground black pepper.",
                    "Serve hot. Enjoy."
                ]
            }
        ],
        "ingredients": [
            {
                "items": [
                    {
                        "quantity": "4",
                        "name": "ounces taro leaves (dried)"
                    },
                    {
                        "quantity": "1/2",
                        "name": "lb pork (cut into thin strips)"
                    },
                    {
                        "quantity": "1/2",
                        "name": "lb shrimp (with head & optional)"
                    },
                    {
                        "quantity": "1/2",
                        "name": "cup shrimp paste"
                    },
                    {
                        "quantity": "1",
                        "name": "piece onion (chopped)"
                    },
                    {
                        "quantity": "6",
                        "name": "pieces Thai chili pepper"
                    },
                    {
                        "quantity": "1/4",
                        "name": "cup ginger (cut into strips)"
                    },
                    {
                        "quantity": "1",
                        "name": "tablespoon garlic (minced)"
                    },
                    {
                        "quantity": "4",
                        "name": "cups coconut milk"
                    },
                    {
                        "quantity": "",
                        "name": "Fish sauce and ground pepper (to taste)"
                    }
                ]
            }
        ],
        "recipeNotes": [
            "Left over laing tastes better as the flavors deepen over time. Cook laing a day before consumption. Place it in a big jar and put it in the fridge overnight. Simply transfer it in a pan or you can also microwave it to reheat before eating.",
            "To minimize any itchiness from taro leaves, cook them thoroughly and don't stir aggressively. You can also add a splash of vinegar to neutralize the sap.",
            "If you're using fresh taro leaves, ensure they are clean and dried properly to prevent itchiness from the sap.",
            "For dried taro leaves, pick ones without signs of mold or discoloration."
        ],
        "tags": ["Vegetable Dish", "Coconut-Based", "Simmered"],
        "slug": "laing"
    },
    {
        "id": "7",
        "title": "Pork Dinuguan",
        "description": "a stew native to the Philippines. It is peculiar when compared to other types of stews because of the use of pork blood as the main ingredient.",
        "image": "./assets/images/dinuguan.webp",
        "imageAlt": "Savory pork blood stew with vinegar and spices.",
        "cookingTime": "50 minutes",
        "recipeServing": "6",
        "steps": [
            {
                "actions": [
                    "Heat oil in a cooking pot. Sauté the garlic and onion.",
                    "Once the onion softens, add the pork kasim. Continue sautéing for 2 to 3 minutes."
                ]
            },
            {
                "actions": [
                    "Add the pork ears. Sauté for 2 minutes.",
                    "Pour the vinegar. Cover the pot and then let it boil. Stir.",
                    "Pour the beef broth. Let the liquid boil."
                ]
            },
            {
                "actions": [
                    "Add dried bay leaves and lemongrass. Cover the pot and adjust the heat to the lowest setting. Simmer for 50 minutes or until the pork tenderizes completely. Note: make sure to stir occasionally. You can add water as needed.",
                    "Pour the pork blood into the pot. Stir. Let the mixture boil and then simmer for 12 minutes."
                ]
            },
            {
                "actions": [
                    "Add the long green pepper. Continue cooking for 3 minutes.",
                    "Season with sugar, salt, and ground black pepper.",
                    "Transfer to a serving bowl. Serve hot."
                ]
            }
        ],
        "ingredients": [
            {
                "items": [
                    {
                        "quantity": "1",
                        "name": "lb pork shoulder (diced)"
                    },
                    {
                        "quantity": "20",
                        "name": "ounces pork blood"
                    },
                    {
                        "quantity": "1/2",
                        "name": "lb pork ears (boiled & sliced)"
                    },
                    {
                        "quantity": "1",
                        "name": "cup white vinegar"
                    },
                    {
                        "quantity": "3",
                        "name": "cups beef broth"
                    },
                    {
                        "quantity": "3",
                        "name": "pieces dried bay leaves"
                    },
                    {
                        "quantity": "1",
                        "name": "bunch lemongrass"
                    },
                    {
                        "quantity": "3",
                        "name": "pieces long green peppers"
                    },
                    {
                        "quantity": "1",
                        "name": "piece onion (chopped)"
                    },
                    {
                        "quantity": "5",
                        "name": "cloves garlic (crushed)"
                    },
                    {
                        "quantity": "2",
                        "name": "teaspoons sugar"
                    },
                    {
                        "quantity": "3",
                        "name": "tablespoons cooking oil"
                    },
                    {
                        "quantity": "",
                        "name": "Salt and ground black pepper (to taste)"
                    }
                ]
            }
        ],
        "recipeNotes": [
            "Stirring frequently during the cooking process helps keep the mixture uniform and prevents coagulation.",
            "To prevent the blood in dinuguan from coagulating, it is important to add the pork blood gradually while stirring continuously.",
            "Cooking the dish over low to medium heat is also crucial, as high heat can cause the blood to curdle or form lumps. Avoid rapid boiling after adding the blood."
        ],
        "tags": ["Main Dish", "Rich & Meaty", "Stewed"],
        "slug": "dinuguan"
    },
    {
        "id": "8",
        "title": "Bicol Express",
        "description": "a spicy Filipino dish wherein pork is cooked in coconut milk along with chili peppers.",
        "image": "./assets/images/bicol-express.webp",
        "imageAlt": "Spicy pork stew in coconut milk with chilies.",
        "cookingTime": "55 minutes",
        "recipeServing": "6",
        "steps": [
            {
                "actions": [
                    "Combine pork, ginger, garlic, onion, Thai chili pepper, long green pepper, and bagoong alamang, coconut milk in a pan. Mix well. Cover the pan and turn the heat to on. Let the mixture boil."
                ]
            },
            {
                "actions": [
                    "Stir and adjust the heat to low. Cover and simmer for 50 minutes. Note: add water as necessary"
                ]
            },
            {
                "actions": [
                    "Add the remaining coconut cream and bagoong alamang (as needed). Season with Maggi Magic Sarap. Continue cooking in low heat until the sauce thickens around."
                ]
            },
            {
                "actions": [
                    "Transfer to a serving plate and serve with warm rice."
                ]
            }
        ],
        "ingredients": [
            {
                "items": [
                    {
                        "quantity": "2",
                        "name": "lbs pork belly (sliced into strips)"
                    },
                    {
                        "quantity": "2",
                        "name": "cups coconut milk"
                    },
                    {
                        "quantity": "2",
                        "name": "cups coconut cream"
                    },
                    {
                        "quantity": "1/4",
                        "name": "cup shrimp paste (or salted Krill)"
                    },
                    {
                        "quantity": "5",
                        "name": "cloves garlic (crushed)"
                    },
                    {
                        "quantity": "5",
                        "name": "pieces Thai chili pepper (chopped)"
                    },
                    {
                        "quantity": "2",
                        "name": "thumbs ginger (minced)"
                    },
                    {
                        "quantity": "1",
                        "name": "piece onion (chopped)"
                    },
                    {
                        "quantity": "2",
                        "name": "pieces Serrano pepper (sliced)"
                    },
                    {
                        "quantity": "1",
                        "name": "cup water (optional)"
                    },
                    {
                        "quantity": "8",
                        "name": "grams Maggi Magic Sarap"
                    }
                ]
            }
        ],
        "recipeNotes": [
            "Your tolerance for spice is what will determine how much chili peppers are in the dish. You can add more or fewer chili peppers to suit your tastes.",
            "While this recipe suggest boiling everything together, you can also start by sauteeing the aromatics and pork. This will make your dish more flavorful."
        ],
        "tags": ["Spicy Dish", "Spicy & Creamy", "Stewed"],
        "slug": "bicol-express"
    },
    {
        "id": "9",
        "title": "Lumpiang Shanghai",
        "description": "it is also known as Lumpiang Shanghai. The filling is composed of ground pork along with minced onions, carrots, seasonings, and egg.",
        "image": "./assets/images/shanghai.webp",
        "imageAlt": "Crispy, golden spring rolls with seasoned pork filling.",
        "cookingTime": "10 minutes",
        "recipeServing": "6",
        "steps": [
            {
                "actions": [
                    "In a large bowl, combine ground pork, onion, carrots, garlic powder, ground black pepper, parsley, salt, sesame oil, and eggs. Mix well."
                ]
            },
            {
                "actions": [
                    "Scoop around 1 to 1 1/2 tablespoons of filling and place over a piece of lumpia wrapper. Spread the filling and then fold both sides of the wrapper. Fold the bottom. Brush beaten egg mixture on the top end of the wrapper. Roll-up until completely wrapped. Note: perform the same step until all mixture are consumed"
                ]
            },
            {
                "actions": [
                    "Heat oil in a cooking pot. Deep fry lumpia in medium heat until it floats."
                ]
            },
            {
                "actions": [
                    "Remove from the pot. Let excess oil drip. Serve. Share and enjoy"
                ]
            }
        ],
        "ingredients": [
            {
                "items": [
                    {
                        "quantity": "50",
                        "name": "pieces lumpia wrapper"
                    },
                    {
                        "quantity": "3",
                        "name": "cups cooking oil"
                    },
                    {
                        "quantity": "1 1/2",
                        "name": "lbs ground pork"
                    },
                    {
                        "quantity": "2",
                        "name": "pieces onion (minced)"
                    },
                    {
                        "quantity": "2",
                        "name": "pieces carrots (minced)"
                    },
                    {
                        "quantity": "1 1/2",
                        "name": "teaspoons garlic powder"
                    },
                    {
                        "quantity": "1/2",
                        "name": "teaspoon ground black pepper"
                    },
                    {
                        "quantity": "1/2",
                        "name": "cup parsley (chopped)"
                    },
                    {
                        "quantity": "1 1/2",
                        "name": "teaspoons salt"
                    },
                    {
                        "quantity": "1",
                        "name": "tablespoon sesame oil"
                    },
                    {
                        "quantity": "2",
                        "name": "pieces eggs"
                    }
                ]
            }
        ],
        "recipeNotes": [
            "Using an air fryer is also a good way to cook lumpia without using oil. In fact, it is a healthier option. I usually set the temperature to 370F and air fry my lumpia for 12 minutes.",
            "When using an air frying to cook my lumpia, I usually spray a small amount of cooking oil on the wrapper. This makes it less dry.",
            "The oil from the ground pork also gets extracted during the cooking process. You will end up with less oil crispy lumpia to munch on."
        ],
        "tags": ["Appetizer", "Sweet & Crispy", "Deep-Fried"],
        "slug": "shanghai"
    },
    {
        "id": "10",
        "title": "Pork Menudo",
        "description": "a savory stew featuring tender pork cubes simmered in a rich, slightly sweet and tangy tomato-based sauce.",
        "image": "./assets/images/pork-menudo.webp",
        "imageAlt": "Tomato-based stew with pork, liver, and vegetables.",
        "cookingTime": "1 hour",
        "recipeServing": "5",
        "steps": [
            {
                "actions": [
                    "Heat oil in a pan. Once the oil gets hot, start to pan fry the potato and carrots. Continue until all sides turns light brown. Set aside.",
                    "Heat the remaining oil (add more if needed). Add the pork liver and then stir fry for 30 seconds. Add ground ginger. Continue to stir-fry for 2 minutes. Set aside."
                ]
            },
            {
                "actions": [
                    "Pour 3 tablespoons of cooking oil into a cooking pot. Once the oil turns hot, sauté garlic and onion.",
                    "Once the onion becomes soft and translucent, add the pork. Sauté until light brown.",
                    "Put the hotdogs into the pot. Cook for 1 minute."
                ]
            },
            {
                "actions": [
                    "Pour soy sauce, tomato sauce, and water into the pot.",
                    "Add Knorr Pork Cube. Stir.",
                    "Add raisins and dried bay leaves. Stir.Cover the pot and continue to boil between low to medium heat for 45 to 60 minutes, or until the pork is tender."
                ]
            },
            {
                "actions": [
                    "Add the pan fried potato and carrots, liver, along with salt and ground black pepper. Stir and cook for 3 minutes.",
                    "Transfer to a serving plate. Serve."
                ]
            }
        ],
        "ingredients": [
            {
                "items": [
                    {
                        "quantity": "2",
                        "name": "lbs pork shoulder (sliced into small cubes)"
                    },
                    {
                        "quantity": "1",
                        "name": "piece Knorr Pork Cube"
                    },
                    {
                        "quantity": "4",
                        "name": "ounces pork liver (cubed)"
                    },
                    {
                        "quantity": "1",
                        "name": "piece baking potato (cubed)"
                    },
                    {
                        "quantity": "3",
                        "name": "pieces hotdogs (sliced crosswise into thin pieces)"
                    },
                    {
                        "quantity": "1",
                        "name": "can tomato sauce (8 oz)"
                    },
                    {
                        "quantity": "1",
                        "name": "piece carrot (cubed)"
                    },
                    {
                        "quantity": "1/2",
                        "name": "cup raisins"
                    },
                    {
                        "quantity": "2",
                        "name": "pieces dried bay leaves"
                    },
                    {
                        "quantity": "2",
                        "name": "tablespoons soy sauce"
                    },
                    {
                        "quantity": "1",
                        "name": "teaspoon ground ginger"
                    },
                    {
                        "quantity": "1",
                        "name": "piece yellow onion (chopped)"
                    },
                    {
                        "quantity": "4",
                        "name": "cloves garlic (crushed)"
                    },
                    {
                        "quantity": "3",
                        "name": "tablespoons cooking oil"
                    },
                    {
                        "quantity": "2",
                        "name": "cups water"
                    },
                    {
                        "quantity": "",
                        "name": "Salt and ground black pepper (to taste)"
                    }
                ]
            }
        ],
        "recipeNotes": [
            "The potato and carrot needs to be prepared by pan-frying.",
            "Sauté the liver in ground ginger to make it less gamey. This is a proven method that can make non-liver fans start to eat it."
        ],
        "tags": ["Main Dish", "Rich & Meaty", "Stewed"],
        "slug": "menudo"
    },
    {
        "id": "11",
        "title": "Pancit Bihon Guisado",
        "description": "a savory noodle dish that comes in all sorts of variations.",
        "image": "./assets/images/pancit-guisado.webp",
        "imageAlt": "Stir-fried rice noodles with meat and vegetables.",
        "cookingTime": "40 minutes",
        "recipeServing": "8",
        "steps": [
            {
                "actions": [
                    "Heat the oil in a large wok. Sauté garlic and onion.",
                    "Add the pork and chicken then let cook for 2 minutes.",
                    "Add the chicken powder and water then simmer for 15 minutes."
                ]
            },
            {
                "actions": [
                    "Put in the carrots, snow peas, cabbage, and celery leaves and simmer for a few minutes.",
                    "Remove all the ingredients in the pot except for the liquid and set them aside."
                ]
            },
            {
                "actions": [
                    "In the pot with the liquid in, add the soy sauce and mix well.",
                    "Add the pancit bihon (makes sure to first soak it in water for about 10 minutes) and mix well. Cook until liquid evaporates completely."
                ]
            },
            {
                "actions": [
                    "Put-in the vegetables and meat that were previously cooked and simmer for a minute or two.",
                    "Serve hot. Share and enjoy!"
                ]
            }
        ],
        "ingredients": [
            {
                "items": [
                    {
                        "quantity": "1",
                        "name": "lb pancit bihon or rice noodles"
                    },
                    {
                        "quantity": "1/2",
                        "name": "lb pork (cut into small thin slices)"
                    },
                    {
                        "quantity": "1/2",
                        "name": "lb chicken (cooked, deboned, and cut into think slices)"
                    },
                    {
                        "quantity": "1/8",
                        "name": "lb snow peas"
                    },
                    {
                        "quantity": "1",
                        "name": "cup carrot"
                    },
                    {
                        "quantity": "1/2",
                        "name": "small cabbage (chopped)"
                    },
                    {
                        "quantity": "1",
                        "name": "cup celery leaves (chopped finely)"
                    },
                    {
                        "quantity": "1",
                        "name": "piece onion (chopped)"
                    },
                    {
                        "quantity": "1/2",
                        "name": "tablespoon garlic (minced)"
                    },
                    {
                        "quantity": "2",
                        "name": "teaspoons chicken powder"
                    },
                    {
                        "quantity": "5",
                        "name": "tablespoons soy sauce"
                    },
                    {
                        "quantity": "3",
                        "name": "cups water"
                    },
                    {
                        "quantity": "3",
                        "name": "tablespoons cooking oil"
                    }
                ]
            }
        ],
        "recipeNotes": [
            "While peas can be optional for this recipe, you can use snap peas an alternative for snow peas.",
            "You can add bell peppers to the pancit. It is not common in traditional Filipino pancit, but more of a preference."
        ],
        "tags": ["Snack", "Balanced & Hearty", " Stir-Fried"],
        "slug": "pancit"
    },
    {
        "id": "12",
        "title": "Adobong Pusit",
        "description": "a tasty squid dish cooked using the popular Filipino adobo method.",
        "image": "./assets/images/adobong-pusit.webp",
        "imageAlt": "Squid braised in soy sauce, vinegar, and garlic.",
        "cookingTime": "20 minutes",
        "recipeServing": "4",
        "steps": [
            {
                "actions": [
                    "Heat a wok or cooking pot then pour-in soy sauce, vinegar, and water. Bring to a boil.",
                    "Add the squid and wait for the liquid to re-boil. Simmer for 5 minutes."
                ]
            },
            {
                "actions": [
                    "Turn off the heat then separate the squid from the liquid. Set aside.",
                    "Pour-in cooking oil on a separate wok of cooking pot then apply heat."
                ]
            },
            {
                "actions": [
                    "When the oil is hot enough, sauté the garlic, onions, and tomatoes.",
                    "Put-in the squid then cook for a few seconds."
                ]
            },
            {
                "actions": [
                    "Pour-in the soy sauce-vinegar-water mixture that was used to cook the squid a while back. Bring to a boil and simmer for 3 minutes.",
                    "Add the ink, salt, ground black pepper, and sugar then stir. Simmer for 3 minutes.",
                    "Transfer to a serving bowl then serve."
                ]
            }
        ],
        "ingredients": [
            {
                "items": [
                    {
                        "quantity": "2",
                        "name": "lbs medium-sized squid (cleaned, remove the innards and beak along with the film on its back)"
                    },
                    {
                        "quantity": "1",
                        "name": "piece onion (minced)"
                    },
                    {
                        "quantity": "2",
                        "name": "pieces tomatoes (optional)"
                    },
                    {
                        "quantity": "1/2",
                        "name": "cup soy sauce"
                    },
                    {
                        "quantity": "1/2",
                        "name": "cup vinegar"
                    },
                    {
                        "quantity": "1",
                        "name": "cup water"
                    },
                    {
                        "quantity": "5",
                        "name": "cloves garlic (crushed)"
                    },
                    {
                        "quantity": "1",
                        "name": "teaspoon sugar"
                    },
                    {
                        "quantity": "2",
                        "name": "tablespoons cooking oil"
                    },
                    {
                        "quantity": "",
                        "name": "Salt and pepper (to taste)"
                    }
                ]
            }
        ],
        "recipeNotes": [
            "The squid should be cleaned properly before cooking. Make sure to remove the innards and beak along with the film on its back.",
            "Use large yellow onion. Diced onion is ok, but minced is best in my opinion."
        ],
        "tags": ["Main Dish", "Umami & Briny", "Stewed"],
        "slug": "pusit"
    },
    {
        "id": "13",
        "title": "Filipino Style Spaghetti",
        "description": "is essentially the famous pasta dish but with a sweet twist. That's where our Filipino Style Spaghetti Sauce comes in.",
        "image": "./assets/images/filipino-spaghetti.webp",
        "imageAlt": "Sweet tomato sauce with hot dogs and cheese.",
        "cookingTime": "45 minutes",
        "recipeServing": "6",
        "steps": [
            {
                "actions": [
                    "Cook the Spaghetti noodles according to package instructions. Once cooked, transfer to a bowl. Set aside.",
                    "Heat the oil in a Pan."
                ]
            },
            {
                "actions": [
                    "Sauté the onion and garlic.",
                    "Once the onions becomes soft, add the ground pork. Cook until the color turns light brown."
                ]
            },
            {
                "actions": [
                    "Add the luncheon meat and hotdog. Stir and cook for 2 to 3 minutes.",
                    "Pour-in the Spaghetti sauce and beef broth. Stir and let boil. Cover and simmer for 30 minutes."
                ]
            },
            {
                "actions": [
                    "Try to taste the sauce and add salt and pepper if needed.",
                    "Pour the Filipino Style Spaghetti sauce over the Spaghetti. Top with shredded cheese.",
                    "Serve. Share and enjoy!"
                ]
            }
        ],
        "ingredients": [
            {
                "items": [
                    {
                        "quantity": "2",
                        "name": "lbs Spaghetti noodles"
                    },
                    {
                        "quantity": "1",
                        "name": "lb ground pork"
                    },
                    {
                        "quantity": "6",
                        "name": "ounces luncheon meat (minced)"
                    },
                    {
                        "quantity": "4",
                        "name": "pieces hotdogs or beef franks"
                    },
                    {
                        "quantity": "35",
                        "name": "ounces Filipino Style Spaghetti Sauce"
                    },
                    {
                        "quantity": "1/2",
                        "name": "cup shredded cheddar cheese"
                    },
                    {
                        "quantity": "1",
                        "name": "cup beef broth"
                    },
                    {
                        "quantity": "1",
                        "name": "medium onion (minced)"
                    },
                    {
                        "quantity": "1",
                        "name": "teaspoon minced garlic"
                    },
                    {
                        "quantity": "3",
                        "name": "tablespoons cooking oil"
                    },
                    {
                        "quantity": "",
                        "name": "Salt and pepper (to taste)"
                    }
                ]
            }
        ],
        "recipeNotes": [
            "When preparing spaghetti pasta for this Filipino Spaghetti, it's important to add salt to the water before boiling. The salt enhances the flavor of the pasta as it cooks. Use about 1-2 tablespoons of salt for every 4-6 quarts of water.",
            "Adding luncheon meat (or potted meat) plays a big role in making the sauce taste meatier. You can also use potted meat as an alternative to it.",
            "You can use any type of grated cheese. Cheddar is the most common, while quickmelt cheeses are also used by some people. Queso de bola or Edam cheese also works too.",
            "Make sure the water is at a full boil before adding the spaghetti noodles. This guarantees that the pasta cooks evenly and doesn't become mushy.",
            "Avoid adding oil to the water as it can prevent the sauce from sticking to the noodles."
        ],
        "tags": ["Snack", "Sweet & Savory", "Sautéed"],
        "slug": "spaghetti"
    },
    {
        "id": "14",
        "title": "Ginisang Ampalaya",
        "description": "is a classic Filipino dish featuring sautéed bitter melon, eggs, and aromatics like garlic, onions, and tomatoes.",
        "image": "./assets/images/ginisang-ampalaya.webp",
        "imageAlt": "Sautéed bitter melon with eggs and aromatics.",
        "cookingTime": "20 minutes",
        "recipeServing": "4",
        "steps": [
            {
                "actions": [
                    "Place the ampalaya in a large bowl.",
                    "Add salt and luke warm water then leave for 5 minutes."
                ]
            },
            {
                "actions": [
                    "Place the ampalaya in a cheesecloth then squeeze tightly until all liquid drips.",
                    "Heat the pan and place the cooking oil.",
                    "Sauté the garlic, onion, and tomato."
                ]
            },
            {
                "actions": [
                    "Add the ampalaya mix well with the other ingredients.",
                    "Put-in salt and pepper to taste."
                ]
            },
            {
                "actions": [
                    "Beat the eggs and pour over the ampalaya then let the eggs cook partially.",
                    "Mix the egg with the other ingredients.",
                    "Serve hot. Share and Enjoy!"
                ]
            }
        ],
        "ingredients": [
            {
                "items": [
                    {
                        "quantity": "2",
                        "name": "pieces ampalaya (cleaned and cut into thin slices)"
                    },
                    {
                        "quantity": "1",
                        "name": "tablespoon garlic (minded)"
                    },
                    {
                        "quantity": "1/2",
                        "name": "teaspoon ground black pepper"
                    },
                    {
                        "quantity": "",
                        "name": "Salt (to taste)"
                    },
                    {
                        "quantity": "2",
                        "name": "pieces raw eggs"
                    },
                    {
                        "quantity": "18",
                        "name": "ounces luke warm water"
                    },
                    {
                        "quantity": "1",
                        "name": "piece tomate (sliced)"
                    },
                    {
                        "quantity": "1",
                        "name": "piece onion (sliced)"
                    },
                    {
                        "quantity": "3",
                        "name": "tablespoons cooking oil"
                    }
                ]
            }
        ],
        "recipeNotes": [
            "to reduce bitterness soak sliced ampalaya in salted water for a few minutes or rub salt onto the slices and let them sit before rinsing.",
            "You can add ground pork, shrimp, or tofu for extra heartiness.",
            "A splash of oyster sauce or fish sauce can enhance the umami taste.",
            "Best enjoyed with steamed rice and a side of fried fish or salted egg."
        ],
        "tags": ["Main Dish", "Slightly Bitter & Savory", "Sautéed"],
        "slug": "ampalaya"
    },
    {
        "id": "15",
        "title": "Chicken Arroz Caldo",
        "description": "is a type of Filipino rice porridge with chicken slices.",
        "image": "./assets/images/arroz-caldo.webp",
        "imageAlt": "Savory rice porridge with ginger and garlic.",
        "cookingTime": "1 hour",
        "recipeServing": "6",
        "steps": [
            {
                "actions": [
                    "Heat around 5 tablespoons of cooking oil in a wok. Add the garlic immediately. Slow fry it while occasionally stirring until golden brown. Remove the garlic from the wok. Set aside.",
                    "Sauté the onion in the remaining oil until it softens. Add ginger. Sauté for 1 minute."
                ]
            },
            {
                "actions": [
                    "Add the chicken and continue sautéing until the color of the exterior turns light brown. Pour 2 tablespoons of fish sauce. Stir.",
                    "Add the jasmine and sweet rice. Sauté for 30 seconds,",
                    "Pour the water into the wok. Cover and let it boil."
                ]
            },
            {
                "actions": [
                    "Add Maggi Magic Chicken Cube. Adjust the heat to the lowest setting. Simmer the chicken while occasionally stirring until the rice breaks down with a thick consistency. Note: this usually takes more than 35 minutes to achieve",
                    "Add turmeric powder and safflower. Stir.",
                    "Season with ground black pepper and fish sauce as needed."
                ]
            },
            {
                "actions": [
                    "Add the boiled eggs, toasted garlic, and chopped green onions.",
                    "Transfer to a serving bowl and top with more toasted garlic and chopped green onions. Serve with a condiment of calamansi and fish sauce.",
                    "Share and enjoy!"
                ]
            }
        ],
        "ingredients": [
            {
                "items": [
                    {
                        "quantity": "2",
                        "name": "lbs chicken (cut into serving pieces)"
                    },
                    {
                        "quantity": "3/4",
                        "name": "cup Jasmine rice"
                    },
                    {
                        "quantity": "3/4",
                        "name": "cup sweet rice"
                    },
                    {
                        "quantity": "2",
                        "name": "pieces Maggi Magic Chicken Cube"
                    },
                    {
                        "quantity": "34",
                        "name": "ounces water"
                    },
                    {
                        "quantity": "8",
                        "name": "cloves garlic (chopped)"
                    },
                    {
                        "quantity": "3",
                        "name": "pieces onions (chopped)"
                    },
                    {
                        "quantity": "8",
                        "name": "pieces eggs (hard boiled)"
                    },
                    {
                        "quantity": "1",
                        "name": "cup green onions (chopped)"
                    },
                    {
                        "quantity": "3",
                        "name": "thumbs ginger"
                    },
                    {
                        "quantity": "1",
                        "name": "tablespoon safflower"
                    },
                    {
                        "quantity": "1",
                        "name": "teaspoon turmeric powder"
                    },
                    {
                        "quantity": "5",
                        "name": "tablespoons cooking oil"
                    },
                    {
                        "quantity": "",
                        "name": "Fish sauce and ground black pepper (to taste)"
                    }
                ]
            }
        ],
        "recipeNotes": [
            "Use a combination of sweet rice and jasmine rice for a nice and creamy texture.",
            "Although boneless chicken can be used, use bone-in for more flavor.",
            "Slice the chicken into smaller pieces to ensure faster cooking. This also ensures that more people can have a bite of it.",
            "Sautéing the chicken with the aromatics adds depth to it.",
            "Make sure to follow the exact rice measurement in this recipe. Adding more will affect the overall texture of the dish.",
            "Make sure to stir the rice while occasionally while cooking to prevent it from sticking to the wok."
        ],
        "tags": ["Soup Dish", "Savory & Gingery", "Simmered"],
        "slug": "arroz-caldo"
    },
    {
        "id": "16",
        "title": "Beef Kaldereta",
        "description": "a type of beef stew cooked with tomato sauec and liver spread.",
        "image": "./assets/images/beef-kaldereta.webp",
        "imageAlt": "Rich tomato-based stew with tender beef and vegetables.",
        "cookingTime": "1 hour",
        "recipeServing": "6",
        "steps": [
            {
                "actions": [
                    "Heat the cooking oil in the cooking pot or pressure cooker.",
                    "Sauté the onion and garlic."
                ]
            },
            {
                "actions": [
                    "Add the beef. Cook for 5 minutes or until the color turns light brown.",
                    "Add the dried bay leaves and chili flakes or crushed pepper. Stir.",
                    "Add the liver spread. Stir."
                ]
            },
            {
                "actions": [
                    "Pour-in the tomato sauce and beef broth.",
                    "Cook the beef until it becomes tender. Note: about 30 mins if using a pressure cooker, or 1 to 2 hours if using an ordinary pot",
                    "Add potato and carrots. Cook for 8 to 10 minutes."
                ]
            },
            {
                "actions": [
                    "Put the green olives and bell peppers in the cooking pot. Stir and continue to cook for 5 minutes more.",
                    "Add salt and pepper to taste",
                    "Serve Hot. Enjoy!"
                ]
            }
        ],
        "ingredients": [
            {
                "items": [
                    {
                        "quantity": "2",
                        "name": "lbs beef (cubed)"
                    },
                    {
                        "quantity": "3",
                        "name": "cloves garlic (crushed & chopped)"
                    },
                    {
                        "quantity": "1",
                        "name": "piece onion (finely chopped)"
                    },
                    {
                        "quantity": "2",
                        "name": "cups beef broth"
                    },
                    {
                        "quantity": "1",
                        "name": "piece red bell pepper (sliced)"
                    },
                    {
                        "quantity": "1",
                        "name": "piece green bell pepper (sliced)"
                    },
                    {
                        "quantity": "1",
                        "name": "cup tomato sauce"
                    },
                    {
                        "quantity": "1/2",
                        "name": "cup liver spread (processed using blender)"
                    },
                    {
                        "quantity": "1",
                        "name": "teaspoon chili flakes"
                    },
                    {
                        "quantity": "3",
                        "name": "pieces dried bay leaves"
                    },
                    {
                        "quantity": "2",
                        "name": "cups potatoes (sliced)"
                    },
                    {
                        "quantity": "2",
                        "name": "cups carrots (sliced)"
                    },
                    {
                        "quantity": "1/4",
                        "name": "cup cooking oil"
                    },
                    {
                        "quantity": "2/3",
                        "name": "cup green olives"
                    },
                    {
                        "quantity": "",
                        "name": "Salt and pepper (to taste)"
                    }
                ]
            }
        ],
        "recipeNotes": [
            "Take note that the beef needs to be cooked until tender. You can do it the traditional way by cooking it in a regular cooking pot over the stove top. But to cut the cooking time to just half, I suggest getting your hands on a pressure cooker.",
            "I would highly suggest getting a large pot or pressure cooker too just to ensure that none of our beef broth overflows.",
            "If it's not available, feel free to turn to fresh liver. I prefer pig's liver over that of the cow's. It is best to puree it using a food processor before cooking.",
            "Definitely monitor your potatoes as you are cooking. If you overcook these, they may break down into much smaller pieces in your stew."
        ],
        "tags": ["Main Dish", "Savory & Umami", "Stewed"],
        "slug": "kaldereta"
    },
    {
        "id": "17",
        "title": "Filipino Style Pork BBQ",
        "description": "is composed of thinly sliced pork pieces that are marinated in a special mixture of seasonings and spices.",
        "image": "./assets/images/pork-bbq.webp",
        "imageAlt": "Grilled marinated pork skewers with a smoky-sweet glaze.",
        "cookingTime": "15 minutes",
        "recipeServing": "8",
        "steps": [
            {
                "actions": [
                    "Arrange the pork slices in a large bowl."
                ]
            },
            {
                "actions": [
                    "Add all the ingredients. Mix well. Cover the bowl and marinate for at least 3 hours. Note: I strongly suggest marinating overnight for best results.",
                    "Fasten the marinated pork together using bamboo skewers."
                ]
            },
            {
                "actions": [
                    "Heat-up the grill. Start to grill your Filipino Style pork BBQ for 3 to 5 minutes per side until the meat is thoroughly cooked. Make sure to always baste the BBQ when flipping it over. Note: the basting sauce ingredients are the same minus the lemon soda and pork slices"
                ]
            },
            {
                "actions": [
                    "Serve with spicy vinegar.",
                    "Share and enjoy!"
                ]
            }
        ],
        "ingredients": [
            {
                "items": [
                    {
                        "quantity": "4",
                        "name": "lbs pork shoulder (sliced into thin pieces)"
                    },
                    {
                        "quantity": "3/4",
                        "name": "cup soy sauce"
                    },
                    {
                        "quantity": "1/2",
                        "name": "cup juice (extracted from calamansi or lemon)"
                    },
                    {
                        "quantity": "3/4",
                        "name": "cup banana ketchup"
                    },
                    {
                        "quantity": "4",
                        "name": "tablespoons dark brown sugar"
                    },
                    {
                        "quantity": "2",
                        "name": "tablespoons garlic powder"
                    },
                    {
                        "quantity": "1",
                        "name": "teaspoon ground black pepper"
                    },
                    {
                        "quantity": "2",
                        "name": "teaspoons salt"
                    },
                    {
                        "quantity": "1 1/2",
                        "name": "cups lemon or lime soda"
                    }
                ]
            }
        ],
        "recipeNotes": [
            "Marinate overnight or let the pork absorb the flavors for at least 6 to 12 hours for the best taste.",
            "Use Pork Shoulder or Kasim this cut has the right balance of meat and fat for juicy BBQ.",
            "Brush with marinade or banana ketchup while cooking for a glossy finish.",
            "Grill over charcoal gives the BBQ its signature smoky flavor.",
            "Soak bamboo skewers to prevent burning by soaking skewers in water for 30 minutes before use."
        ],
        "tags": ["Bar Chow", "Smoky & Tangy", "Grilled"],
        "slug": "pork-bbq"
    },
    {
        "id": "18",
        "title": "Garlic Buttered Shrimp",
        "description": "a quick and flavorful seafood dish featuring succulent shrimp sautéed in rich butter and aromatic garlic.",
        "image": "./assets/images/garlic-buttered-shrimp.webp",
        "imageAlt": "Juicy shrimp sautéed in butter and garlic.",
        "cookingTime": "12 minutes",
        "recipeServing": "6",
        "steps": [
            {
                "actions": [
                    "Marinate the shrimp in lemon soda for about 10 minutes"
                ]
            },
            {
                "actions": [
                    "Melt the butter in a pan.",
                    "Add the garlic. Cook in low heat until the color turns light brown"
                ]
            },
            {
                "actions": [
                    "Put-in the shrimp. Adjust heat to high. Stir-fry until shrimp turns orange.",
                    "Season with ground black pepper, salt, and lemon juice. Stir."
                ]
            },
            {
                "actions": [
                    "Add parsley. Cook for 30 seconds.",
                    "Serve hot. Share and Enjoy!"
                ]
            }
        ],
        "ingredients": [
            {
                "items": [
                    {
                        "quantity": "2",
                        "name": "lbs shrimp (cleaned)"
                    },
                    {
                        "quantity": "2",
                        "name": "tablespoons parsley (chopped)"
                    },
                    {
                        "quantity": "1/4",
                        "name": "cup butter"
                    },
                    {
                        "quantity": "1",
                        "name": "head garlic (crushed)"
                    },
                    {
                        "quantity": "1",
                        "name": "cup lemon lime soda"
                    },
                    {
                        "quantity": "1",
                        "name": "teaspoon lemon juice"
                    },
                    {
                        "quantity": "",
                        "name": "Salt and pepper (to taste)"
                    }
                ]
            }
        ],
        "recipeNotes": [
            "Don't overcook because the shrimp cooks quickly; overcooking makes it rubbery. Remove from the heat once it turns orange.",
            "Sauté garlic until fragrant but not burnt to avoid bitterness.",
            "Use fresh shrimp fresh, deveined shrimp absorbs the buttery garlic flavor best."
        ],
        "tags": ["Seafood Dish", "Garlicky & Buttery", "Sautéed"],
        "slug": "garlic-buttered-shrimp"
    },
    {
        "id": "19",
        "title": "Leche Flan",
        "description": "a dessert made-up of eggs and milk with a soft caramel on top. It resembles crème caramel and caramel custard.",
        "image": "./assets/images/leche-flan.webp",
        "imageAlt": "Rich caramel custard with a silky texture.",
        "cookingTime": "45 minutes",
        "recipeServing": "6",
        "steps": [
            {
                "actions": [
                    "Using all the eggs, separate the yolk from the egg white. Note: only egg yolks will be used",
                    "Place the egg yolks in a big bowl then beat them using a fork or an egg beater.",
                    "Add the condensed milk and mix thoroughly."
                ]
            },
            {
                "actions": [
                    "Pour-in the fresh milk and Vanilla. Mix well.",
                    "Put the mold (llanera) on top of the stove and heat using low fire.",
                    "Put-in the granulated sugar on the mold and mix thoroughly until the solid sugar turns into liquid (caramel) having a light brown color. "
                ]
            },
            {
                "actions": [
                    "Spread the caramel (liquid sugar) evenly on the flat side of the mold.",
                    "Wait for 5 minutes then pour the egg yolk and milk mixture on the mold.",
                    "Cover the top of the mold using an Aluminum foil."
                ]
            },
            {
                "actions": [
                    "Steam the mold with egg and milk mixture for 30 to 35 minutes.",
                    "After steaming, let the temperature cool down then refrigerate.",
                    "Serve for dessert. Share and Enjoy!"
                ]
            }
        ],
        "ingredients": [
            {
                "items": [
                    {
                        "quantity": "10",
                        "name": "pieces eggs"
                    },
                    {
                        "quantity": "1",
                        "name": "can condesed milk or evaporated milk"
                    },
                    {
                        "quantity": "1",
                        "name": "cup granulated sugar"
                    },
                    {
                        "quantity": "1",
                        "name": "teaspoon vanilla extract"
                    }
                ]
            }
        ],
        "recipeNotes": [
            "Sometimes it is hard to find a Llanera (Traditional flan mold) depending on your location. I find it more convenient to use individual Round Pans in making leche flan.",
            "Let the flan rest in the fridge overnight to enhances its flavor and texture.",
            "Steam on low heat since high heat can cause bubbles or an uneven texture.",
            "Caramelize sugar properly, heat sugar until golden brown, but avoid burning for a balanced sweetness."
        ],
        "tags": ["Dessert", "Sweet & Creamy", "Steamed"],
        "slug": "leche-flan"
    }
]